{
  "PrimalItemResource_StrengthPotion_C": "Potion of Strength",
  "PrimalItemResource_AgilityPotion_C": "Potion of Agility",
  "PrimalItemResource_IntelligencePotion_C": "Potion of Intellect",
  "PrimalItemConsumable_DamagePotion_C": "Damage Potion",
  "PrimalItemConsumable_FortitudePotion_C": "Fortitude Potion",
  "PrimalItemConsumable_Increment25Health_C": "25% Health Potion",
  "PrimalItemConsumable_Increment50Health_C": "50% Health Potion",
  "PrimalItemConsumable_FullHealth_C": "100% Health Potion",
  "PrimalItemConsumable_BuffHealthPotion_C": "Buff Health Potion",
  "PrimalItemConsumable_HarvestPotion_C": "Harvest Potion",
  "PrimalItemConsumable_X2WeightPotion_C": "Weight Potion 2X",
  "PrimalItemConsumable_X5WeightPotion_C": "Weight Potion 5X",
  "PrimalItemConsumable_X10WeightPotion_C": "Weight Potion 10X",
  "PrimalItemConsumable_MutationPotion_C": "Mutation Potion",
  "PrimalItemConsumable_AgeStopPotion_C": "Maturation Stop Potion",
  "PrimalItemConsumable_SkillPointPotion_C": "Skill Tree Potion",
  "PrimalItemConsumable_FlyPotion_C": "Fly Potion",
  "PrimalItemConsumable_BuffInvisiblePotion_C": "Invisible Potion",
  "PrimalItemConsumable_BuffHazardShield_C": "Hazard Shield Potion",
  "PrimalItemConsumable_BuffStamina_C": "Buff Stamina Potion",
  "PrimalItemConsumable_FullStamina_C": "100% Stamina Potion",
  "PrimalItemConsumable_SpeedPotionX3_C": "Lesser Speed Potion",
  "PrimalItemConsumable_SpeedPotion_C": "Speed Potion",
  "PrimalItemConsumable_SpeedPotionUnderwather_C": "Aquatic Speed Potion",
  "PrimalItemConsumable_BreathingPotion_C": "Breathing potion",
  "PrimalItemConsumable_SedativePotion_C": "Sedative Potion",
  "PrimalItemConsumable_StimulantPotion_C": "Stimulant Potion",
  "PrimalItemConsumable_FoodPotion_C": "Food Potion",
  "PrimalItemConsumable_NightVisionPotion_C": "Night Vision Potion",
  "PrimalItemConsumable_OwlVisionPotion_C": "Predator Vision Potion",
  "PrimalItemConsumable_ScoutVisionPotion_C": "XRay Vision Potion",
  "PrimalItemConsumable_SpyPotion_C": "Spy Potion",
  "PrimalItemConsumable_BuffCraftPotionV2_C": "Adaptive Crafting Potion",
  "PrimalItemConsumable_BuffCraftPotion_C": "Crafting Potion",
  "PrimalItemConsumable_HairPotion_C": "Hairs Potion",
  "PrimalItemConsumable_BossesPotion_C": "Bosses Potion",
  "PrimalItemConsumable_LioPotion_C": "Loot Potion",
  "PrimalItemConsumable_TamePotion_C": "Tame Potion",
  "PrimalItemConsumable_AdultPotion_C": "GrowUp Potion",
  "PrimalItemConsumable_50ResetMating_C": "50% Reset Mating Potion",
  "PrimalItemConsumable_ResetMating_C": "Reset Mating Potion",
  "PrimalItemConsumable_AllowBreeding_C": "Allow Breeding Potion",
  "PrimalItemConsumable_AssignGender_C": "Assign Gender Potion",
  "PrimalItemConsumable_GenderChange_C": "Gender Change Potion",
  "PrimalItemConsumable_ColorPotion_C": "Color Potion",
  "PrimalItemConsumable_RandomTraitPotion_C": "Random Trait Potion",
  "PrimalItemConsumable_RandomTrait3TPotion_C": "Random Trait 3 Potion",
  "PrimalItemConsumable_100ImprintPotion_C": "Imprint Potion",
  "PrimalItemConsumable_Inc100ImprintPotion_C": "Imprint Potion +100",
  "PrimalItemConsumable_500ImprintPotion_C": "Imprint Potion 500",
  "PrimalItemConsumable_ImprintOwnerPotion_C": "Imprint Owner Potion",
  "PrimalItemConsumable_X2ExpPotion_C": "2x Experience Potion",
  "PrimalItemConsumable_X4ExpPotion_C": "4x Experience Potion",
  "PrimalItemConsumable_MaxExpPotion_C": "MAX Experience Potion",
  "PrimalItemConsumable_NotesPotion_C": "Notes Potion",
  "PrimalItemConsumable_IncrementBaseHp_C": "Dino Potion of Health +10",
  "PrimalItemConsumable_IncrementBaseDamage_C": "Dino Potion of Damage +10",
  "PrimalItemConsumable_IncrementBaseStamina_C": "Dino Potion of Stamina +10",
  "PrimalItemConsumable_IncrementBaseFood_C": "Dino Potion of Food +10",
  "PrimalItemConsumable_IncrementBaseWeight_C": "Dino Potion of Weight +10",
  "PrimalItemConsumable_IncrementBaseOxygen_C": "Dino Potion of Oxygen +10",
  "PrimalItemConsumable_IncrementBaseCraft_C": "Dino Potion of Craft +10",
  "PrimalItemConsumable_DinoAntidot_C": "Dino Antidote",
  "PrimalItemConsumable_DwarfAle_C": "Dwarf Ale",
  "PrimalItemConsumable_ElvenAle_C": "Elven Ale",
  "PrimalItemConsumable_TPPlayerStatslMindWipe_C": "Mindwipe Tonic: Player Stats",
  "PrimalItemConsumable_TPEngramsMindWipe_C": "Mindwipe Tonic: Engrams",
  "PrimalItemConsumable_TPSkillTreeMindWipe_C": "Mindwipe Tonic: Skill Tree",
  "PrimalItemConsumable_TPDinoMindWipe_C": "Mindwipe Tonic: Dino Stats"
}