{
  "Strength Potion": "Blueprint'/TrockiiPotions/Items/Basic_Potions/PrimalItemResource_StrengthPotion.PrimalItemResource_StrengthPotion'",
  "Agility Potion": "Blueprint'/TrockiiPotions/Items/Basic_Potions/PrimalItemResource_AgilityPotion.PrimalItemResource_AgilityPotion'",
  "Intelligence Potion": "Blueprint'/TrockiiPotions/Items/Basic_Potions/PrimalItemResource_IntelligencePotion.PrimalItemResource_IntelligencePotion'",
  "Damage Potion": "Blueprint'/TrockiiPotions/Items/Strength_Potions/PrimalItemConsumable_DamagePotion.PrimalItemConsumable_DamagePotion'",
  "Fortitude Potion": "Blueprint'/TrockiiPotions/Items/Strength_Potions/PrimalItemConsumable_FortitudePotion.PrimalItemConsumable_FortitudePotion'",
  "25% Health Potion": "Blueprint'/TrockiiPotions/Items/Strength_Potions/PrimalItemConsumable_Increment25Health.PrimalItemConsumable_Increment25Health'",
  "50% Health Potion": "Blueprint'/TrockiiPotions/Items/Strength_Potions/PrimalItemConsumable_Increment50Health.PrimalItemConsumable_Increment50Health'",
  "100% Health Potion": "Blueprint'/TrockiiPotions/Items/Strength_Potions/PrimalItemConsumable_FullHealth.PrimalItemConsumable_FullHealth'",
  "Buff Health Potion": "Blueprint'/TrockiiPotions/Items/Strength_Potions/PrimalItemConsumable_BuffHP.PrimalItemConsumable_BuffHP'",
  "Harvest Potion": "Blueprint'/TrockiiPotions/Items/Strength_Potions/PrimalItemConsumable_HarvestPotion.PrimalItemConsumable_HarvestPotion'",
  "Weight Potion 2X": "Blueprint'/TrockiiPotions/Items/Strength_Potions/PrimalItemConsumable_X2WeightPotion.PrimalItemConsumable_X2WeightPotion'",
  "Weight Potion 5X": "Blueprint'/TrockiiPotions/Items/Strength_Potions/PrimalItemConsumable_X5WeightPotion.PrimalItemConsumable_X5WeightPotion'",
  "Weight Potion 10X": "Blueprint'/TrockiiPotions/Items/Strength_Potions/PrimalItemConsumable_X10WeightPotion.PrimalItemConsumable_X10WeightPotion'",
  "Mutation Potion": "Blueprint'/TrockiiPotions/Items/Strength_Potions/PrimalItemConsumable_MutationPotion.PrimalItemConsumable_MutationPotion'",
  "Maturation Stop Potion": "Blueprint'/TrockiiPotions/Items/Strength_Potions/PrimalItemConsumable_AgeStopPotion.PrimalItemConsumable_AgeStopPotion'",
  "Skill Tree Potion": "Blueprint'/TrockiiPotions/Items/Strength_Potions/PrimalItemConsumable_SkillPointPotion.PrimalItemConsumable_SkillPointPotion'",
  "Fly Potion": "Blueprint'/TrockiiPotions/Items/Agility_Potions/PrimalItemConsumable_FlyPotion.PrimalItemConsumable_FlyPotion'",
  "Invisible Potion": "Blueprint'/TrockiiPotions/Items/Agility_Potions/PrimalItemConsumable_BuffInvisiblePotion.PrimalItemConsumable_BuffInvisiblePotion'",
  "Hazard Shield Potion": "Blueprint'/TrockiiPotions/Items/Agility_Potions/PrimalItemConsumable_BuffHazardShield.PrimalItemConsumable_BuffHazardShield'",
  "Buff Stamina Potion": "Blueprint'/TrockiiPotions/Items/Agility_Potions/PrimalItemConsumable_BuffStamina.PrimalItemConsumable_BuffStamina'",
  "100% Stamina Potion": "Blueprint'/TrockiiPotions/Items/Agility_Potions/PrimalItemConsumable_FullStamina.PrimalItemConsumable_FullStamina'",
  "Lesser Speed Potion": "Blueprint'/TrockiiPotions/Items/Agility_Potions/PrimalItemConsumable_SpeedPotionX3.PrimalItemConsumable_SpeedPotionX3'",
  "Speed Potion": "Blueprint'/TrockiiPotions/Items/Agility_Potions/PrimalItemConsumable_SpeedPotion.PrimalItemConsumable_SpeedPotion'",
  "Aquatic Speed Potion": "Blueprint'/TrockiiPotions/Items/Agility_Potions/PrimalItemConsumable_SpeedPotionUnderwather.PrimalItemConsumable_SpeedPotionUnderwather'",
  "Breathing potion": "Blueprint'/TrockiiPotions/Items/Agility_Potions/PrimalItemConsumable_BreathingPotion.PrimalItemConsumable_BreathingPotion'",
  "Sedative Potion": "Blueprint'/TrockiiPotions/Items/Agility_Potions/PrimalItemConsumable_SedativePotion.PrimalItemConsumable_SedativePotion'",
  "Stimulant Potion": "Blueprint'/TrockiiPotions/Items/Agility_Potions/PrimalItemConsumable_StimulantPotion.PrimalItemConsumable_StimulantPotion'",
  "Food Potion": "Blueprint'/TrockiiPotions/Items/Agility_Potions/PrimalItemConsumable_FoodPotion.PrimalItemConsumable_FoodPotion'",
  "Night Vision Potion": "Blueprint'/TrockiiPotions/Items/Agility_Potions/PrimalItemConsumable_NightVisionPotion.PrimalItemConsumable_NightVisionPotion'",
  "Predator Vision Potion": "Blueprint'/TrockiiPotions/Items/Agility_Potions/PrimalItemConsumable_OwlVisionPotion.PrimalItemConsumable_OwlVisionPotion'",
  "XRay Vision Potion": "Blueprint'/TrockiiPotions/Items/Agility_Potions/PrimalItemConsumable_ScoutVisionPotion.PrimalItemConsumable_ScoutVisionPotion'",
  "Spy Potion": "Blueprint'/TrockiiPotions/Items/Agility_Potions/PrimalItemConsumable_SpyPotion.PrimalItemConsumable_SpyPotion'",
  "Adaptive Crafting Potion": "Blueprint'/TrockiiPotions/Items/Agility_Potions/PrimalItemConsumable_BuffCraftPotionV2.PrimalItemConsumable_BuffCraftPotionV2'",
  "Crafting Potion": "Blueprint'/TrockiiPotions/Items/Agility_Potions/PrimalItemConsumable_BuffCraftPotion.PrimalItemConsumable_BuffCraftPotion'",
  "Hairs Potion": "Blueprint'/TrockiiPotions/Items/Agility_Potions/PrimalItemConsumable_HairPotion.PrimalItemConsumable_HairPotion'",
  "Bosses Potion": "Blueprint'/TrockiiPotions/Items/Intelligence_Potions/PrimalItemConsumable_BossesPotion.PrimalItemConsumable_BossesPotion'",
  "Loot Potion": "Blueprint'/TrockiiPotions/Items/Intelligence_Potions/PrimalItemConsumable_LioPotion.PrimalItemConsumable_LioPotion'",
  "Tame Potion": "Blueprint'/TrockiiPotions/Items/Intelligence_Potions/PrimalItemConsumable_TamePotion.PrimalItemConsumable_TamePotion'",
  "GrowUp Potion": "Blueprint'/TrockiiPotions/Items/Intelligence_Potions/PrimalItemConsumable_AdultPotion.PrimalItemConsumable_AdultPotion'",
  "50% Reset Mating Potion": "Blueprint'/TrockiiPotions/Items/Intelligence_Potions/PrimalItemConsumable_50ResetMating.PrimalItemConsumable_50ResetMating'",
  "Reset Mating Potion": "Blueprint'/TrockiiPotions/Items/Intelligence_Potions/PrimalItemConsumable_ResetMating.PrimalItemConsumable_ResetMating'",
  "Allow Breeding Potion": "Blueprint'/TrockiiPotions/Items/Intelligence_Potions/PrimalItemConsumable_AllowBreeding.PrimalItemConsumable_AllowBreeding'",
  "Assign Gender Potion": "Blueprint'/TrockiiPotions/Items/Intelligence_Potions/PrimalItemConsumable_AssignGender.PrimalItemConsumable_AssignGender'",
  "Gender Change Potion": "Blueprint'/TrockiiPotions/Items/Intelligence_Potions/PrimalItemConsumable_GenderChange.PrimalItemConsumable_GenderChange'",
  "Color Potion": "Blueprint'/TrockiiPotions/Items/Intelligence_Potions/PrimalItemConsumable_ColorPotion.PrimalItemConsumable_ColorPotion'",
  "Random Trait Potion": "Blueprint'/TrockiiPotions/Items/Intelligence_Potions/PrimalItemConsumable_RandomTraitPotion.PrimalItemConsumable_RandomTraitPotion'",
  "Random Trait 3 Potion": "Blueprint'/TrockiiPotions/Items/Intelligence_Potions/PrimalItemConsumable_RandomTrait3TPotion.PrimalItemConsumable_RandomTrait3TPotion'",
  "Imprint Potion": "Blueprint'/TrockiiPotions/Items/Intelligence_Potions/PrimalItemConsumable_100ImprintPotion.PrimalItemConsumable_100ImprintPotion'",
  "Imprint Potion +100": "Blueprint'/TrockiiPotions/Items/Intelligence_Potions/PrimalItemConsumable_Inc100ImprintPotion.PrimalItemConsumable_Inc100ImprintPotion'",
  "Imprint Potion 500": "Blueprint'/TrockiiPotions/Items/Intelligence_Potions/PrimalItemConsumable_500ImprintPotion.PrimalItemConsumable_500ImprintPotion'",
  "Imprint Owner Potion": "Blueprint'/TrockiiPotions/Items/Intelligence_Potions/PrimalItemConsumable_ImprintOwnerPotion.PrimalItemConsumable_ImprintOwnerPotion'",
  "2x Experience Potion": "Blueprint'/TrockiiPotions/Items/Intelligence_Potions/PrimalItemConsumable_X2ExpPotion.PrimalItemConsumable_X2ExpPotion'",
  "4x Experience Potion": "Blueprint'/TrockiiPotions/Items/Intelligence_Potions/PrimalItemConsumable_X4ExpPotion.PrimalItemConsumable_X4ExpPotion'",
  "MAX Experience Potion": "Blueprint'/TrockiiPotions/Items/Intelligence_Potions/PrimalItemConsumable_MaxExpPotion.PrimalItemConsumable_MaxExpPotion'",
  "Notes Potion": "Blueprint'/TrockiiPotions/Items/Intelligence_Potions/PrimalItemConsumable_NotesPotion.PrimalItemConsumable_NotesPotion'",
  "Dino Potion of Health +10": "Blueprint'/TrockiiPotions/Items/Intelligence_Potions/PrimalItemConsumable_IncrementBaseHp.PrimalItemConsumable_IncrementBaseHp'",
  "Dino Potion of Damage +10": "Blueprint'/TrockiiPotions/Items/Intelligence_Potions/PrimalItemConsumable_IncrementBaseDamage.PrimalItemConsumable_IncrementBaseDamage'",
  "Dino Potion of Stamina +10": "Blueprint'/TrockiiPotions/Items/Intelligence_Potions/PrimalItemConsumable_IncrementBaseStamina.PrimalItemConsumable_IncrementBaseStamina'",
  "Dino Potion of Food +10": "Blueprint'/TrockiiPotions/Items/Intelligence_Potions/PrimalItemConsumable_IncrementBaseFood.PrimalItemConsumable_IncrementBaseFood'",
  "Dino Potion of Weight +10": "Blueprint'/TrockiiPotions/Items/Intelligence_Potions/PrimalItemConsumable_IncrementBaseWeight.PrimalItemConsumable_IncrementBaseWeight'",
  "Dino Potion of Oxygen +10": "Blueprint'/TrockiiPotions/Items/Intelligence_Potions/PrimalItemConsumable_IncrementBaseOxygen.PrimalItemConsumable_IncrementBaseOxygen'",
  "Dino Potion of Craft +10": "Blueprint'/TrockiiPotions/Items/Intelligence_Potions/PrimalItemConsumable_IncrementBaseCraft.PrimalItemConsumable_IncrementBaseCraft'",
  "Dino Antidote": "Blueprint'/TrockiiPotions/Items/Intelligence_Potions/PrimalItemConsumable_DinoAntidot.PrimalItemConsumable_DinoAntidot'",
  "Dwarf Ale": "Blueprint'/TrockiiPotions/Items/Strength_Potions/PrimalItemConsumable_DwarfAle.PrimalItemConsumable_DwarfAle'",
  "Elven Ale": "Blueprint'/TrockiiPotions/Items/Strength_Potions/PrimalItemConsumable_ElvenAle.PrimalItemConsumable_ElvenAle'",
  "Mindwipe Tonic: Player Stats": "Blueprint'/TrockiiPotions/Items/PrimeBrews/PrimalItemConsumable_TPPlayerStatslMindWipe.PrimalItemConsumable_TPPlayerStatslMindWipe'",
  "Mindwipe Tonic: Engrams": "Blueprint'/TrockiiPotions/Items/PrimeBrews/PrimalItemConsumable_TPEngramsMindWipe.PrimalItemConsumable_TPEngramsMindWipe'",
  "Mindwipe Tonic: Skill Tree": "Blueprint'/TrockiiPotions/Items/PrimeBrews/PrimalItemConsumable_TPSkillTreeMindWipe.PrimalItemConsumable_TPSkillTreeMindWipe'",
  "Mindwipe Tonic: Dino Stats": "Blueprint'/TrockiiPotions/Items/PrimeBrews/PrimalItemConsumable_TPDinoMindWipe.PrimalItemConsumable_TPDinoMindWipe'",
  "Aquatic Mushroom": "Blueprint'/Game/Aberration/CoreBlueprints/Items/Consumables/PrimalItemConsumable_Mushroom_Aquatic.PrimalItemConsumable_Mushroom_Aquatic'",
  "Ascerbic Mushroom": "Blueprint'/Game/Aberration/CoreBlueprints/Items/Consumables/PrimalItemConsumable_Mushroom_Ascerbic.PrimalItemConsumable_Mushroom_Ascerbic'",
  "Auric Mushroom": "Blueprint'/Game/Aberration/CoreBlueprints/Items/Consumables/PrimalItemConsumable_Mushroom_Auric.PrimalItemConsumable_Mushroom_Auric'",
  "Mushroom Brew": "Blueprint'/Game/Aberration/CoreBlueprints/Items/Consumables/PrimalItemConsumable_Soup_MushroomSoup.PrimalItemConsumable_Soup_MushroomSoup'",
  "Aggeravic Mushroom": "Blueprint'/Game/Aberration/CoreBlueprints/Items/Consumables/PrimalItemResource_CommonMushroom.PrimalItemResource_CommonMushroom'",
  "Nameless Venom": "Blueprint'/Game/Aberration/CoreBlueprints/Resources/PrimalItemConsumable_NamelessVenom.PrimalItemConsumable_NamelessVenom'",
  "Element Ore": "Blueprint'/Game/Aberration/CoreBlueprints/Resources/PrimalItemResource_ElementOre.PrimalItemResource_ElementOre'",
  "Fungal Wood": "Blueprint'/Game/Aberration/CoreBlueprints/Resources/PrimalItemResource_FungalWood.PrimalItemResource_FungalWood'",
  "Congealed Gas Ball": "Blueprint'/Game/Aberration/CoreBlueprints/Resources/PrimalItemResource_Gas.PrimalItemResource_Gas'",
  "Blue Gem": "Blueprint'/Game/Aberration/CoreBlueprints/Resources/PrimalItemResource_Gem_BioLum.PrimalItemResource_Gem_BioLum'",
  "Red Gem": "Blueprint'/Game/Aberration/CoreBlueprints/Resources/PrimalItemResource_Gem_Element.PrimalItemResource_Gem_Element'",
  "Green Gem": "Blueprint'/Game/Aberration/CoreBlueprints/Resources/PrimalItemResource_Gem_Fertile.PrimalItemResource_Gem_Fertile'",
  "Reaper Pheromone Gland": "Blueprint'/Game/Aberration/CoreBlueprints/Resources/PrimalItemResource_XenomorphPheromoneGland.PrimalItemResource_XenomorphPheromoneGland'",
  "Plant Species Z Fruit": "Blueprint'/Game/Aberration/WeaponPlantSpeciesZ/PrimalItem_PlantSpeciesZ_Grenade.PrimalItem_PlantSpeciesZ_Grenade'",
  "Plant Species Z Seed": "Blueprint'/Game/Aberration/WeaponPlantSpeciesZ/PrimalItemConsumable_Seed_PlantSpeciesZ.PrimalItemConsumable_Seed_PlantSpeciesZ'",
  "Archelon Algae": "Blueprint'/Game/ASA/Dinos/Archelon/Dinos/Consumables/PrimalItemConsumable_Veggie_TurtleAlgae_ASA.PrimalItemConsumable_Veggie_TurtleAlgae_ASA'",
  "Algae Sushi": "Blueprint'/Game/ASA/Dinos/Archelon/Dinos/Consumables/PrimalItemConsumableEatable_Sushi_ASA.PrimalItemConsumableEatable_Sushi_ASA'",
  "Hemoglobin Cocktail": "Blueprint'/Game/ASA/Dinos/Ceratosaurus/Dinos/Cocktail/PrimalItemConsumable_HemogoblinCocktail_ASA.PrimalItemConsumable_HemogoblinCocktail_ASA'",
  "Blue Crystalized Sap": "Blueprint'/Game/Extinction/CoreBlueprints/Resources/PrimalItemResource_BlueSap.PrimalItemResource_BlueSap'",
  "Condensed Gas": "Blueprint'/Game/Extinction/CoreBlueprints/Resources/PrimalItemResource_CondensedGas.PrimalItemResource_CondensedGas'",
  "Corrupted Nodule": "Blueprint'/Game/Extinction/CoreBlueprints/Resources/PrimalItemResource_CorruptedPolymer.PrimalItemResource_CorruptedPolymer'",
  "Corrupted Wood": "Blueprint'/Game/Extinction/CoreBlueprints/Resources/PrimalItemResource_CorruptedWood.PrimalItemResource_CorruptedWood'",
  "Element Dust": "Blueprint'/Game/Extinction/CoreBlueprints/Resources/PrimalItemResource_ElementDust.PrimalItemResource_ElementDust'",
  "Fragmented Green Gem": "Blueprint'/Game/Extinction/CoreBlueprints/Resources/PrimalItemResource_FracturedGem.PrimalItemResource_FracturedGem'",
  "Red Crystalized Sap": "Blueprint'/Game/Extinction/CoreBlueprints/Resources/PrimalItemResource_RedSap.PrimalItemResource_RedSap'",
  "Scrap Metal": "Blueprint'/Game/Extinction/CoreBlueprints/Resources/PrimalItemResource_ScrapMetal.PrimalItemResource_ScrapMetal'",
  "Scrap Metal Ingot": "Blueprint'/Game/Extinction/CoreBlueprints/Resources/PrimalItemResource_ScrapMetalIngot.PrimalItemResource_ScrapMetalIngot'",
  "Silicate": "Blueprint'/Game/Extinction/CoreBlueprints/Resources/PrimalItemResource_Silicate.PrimalItemResource_Silicate'",
  "Snow Owl Pellet": "Blueprint'/Game/Extinction/Dinos/Owl/Pellet/PrimalItemConsumable_OwlPellet.PrimalItemConsumable_OwlPellet'",
  "Lesser Antidote": "Blueprint'/Game/PrimalEarth/CoreBlueprints/Items/Consumables/BaseBPs/PrimalItemConsumable_CureLow.PrimalItemConsumable_CureLow'",
  "Wyvern Milk": "Blueprint'/Game/PrimalEarth/CoreBlueprints/Items/Consumables/BaseBPs/PrimalItemConsumable_WyvernMilk.PrimalItemConsumable_WyvernMilk'",
  "Mindwipe Tonic": "Blueprint'/Game/PrimalEarth/CoreBlueprints/Items/Consumables/BaseBPs/PrimalItemConsumableRespecSoup.PrimalItemConsumableRespecSoup'",
  "Soap": "Blueprint'/Game/PrimalEarth/CoreBlueprints/Items/Consumables/BaseBPs/PrimalItemConsumableSoap.PrimalItemConsumableSoap'",
  "Beer Jar": "Blueprint'/Game/PrimalEarth/CoreBlueprints/Items/Consumables/PrimalItemConsumable_BeerJar.PrimalItemConsumable_BeerJar'",
  "Beer Jar Alt": "Blueprint'/Game/PrimalEarth/CoreBlueprints/Items/Consumables/PrimalItemConsumable_BeerJarAlt.PrimalItemConsumable_BeerJarAlt'",
  "Amarberry": "Blueprint'/Game/PrimalEarth/CoreBlueprints/Items/Consumables/PrimalItemConsumable_Berry_Amarberry.PrimalItemConsumable_Berry_Amarberry'",
  "Azulberry": "Blueprint'/Game/PrimalEarth/CoreBlueprints/Items/Consumables/PrimalItemConsumable_Berry_Azulberry.PrimalItemConsumable_Berry_Azulberry'",
  "Cianberry": "Blueprint'/Game/PrimalEarth/CoreBlueprints/Items/Consumables/PrimalItemConsumable_Berry_Cianberry.PrimalItemConsumable_Berry_Cianberry'",
  "Magenberry": "Blueprint'/Game/PrimalEarth/CoreBlueprints/Items/Consumables/PrimalItemConsumable_Berry_Magenberry.PrimalItemConsumable_Berry_Magenberry'",
  "Mejoberry": "Blueprint'/Game/PrimalEarth/CoreBlueprints/Items/Consumables/PrimalItemConsumable_Berry_Mejoberry.PrimalItemConsumable_Berry_Mejoberry'",
  "Narcoberry": "Blueprint'/Game/PrimalEarth/CoreBlueprints/Items/Consumables/PrimalItemConsumable_Berry_Narcoberry.PrimalItemConsumable_Berry_Narcoberry'",
  "Stimberry": "Blueprint'/Game/PrimalEarth/CoreBlueprints/Items/Consumables/PrimalItemConsumable_Berry_Stimberry.PrimalItemConsumable_Berry_Stimberry'",
  "Tintoberry": "Blueprint'/Game/PrimalEarth/CoreBlueprints/Items/Consumables/PrimalItemConsumable_Berry_Tintoberry.PrimalItemConsumable_Berry_Tintoberry'",
  "Verdberry": "Blueprint'/Game/PrimalEarth/CoreBlueprints/Items/Consumables/PrimalItemConsumable_Berry_Verdberry.PrimalItemConsumable_Berry_Verdberry'",
  "Blood Pack": "Blueprint'/Game/PrimalEarth/CoreBlueprints/Items/Consumables/PrimalItemConsumable_BloodPack.PrimalItemConsumable_BloodPack'",
  "Bug Repellant": "Blueprint'/Game/PrimalEarth/CoreBlueprints/Items/Consumables/PrimalItemConsumable_BugRepellant.PrimalItemConsumable_BugRepellant'",
  "Cactus Broth": "Blueprint'/Game/PrimalEarth/CoreBlueprints/Items/Consumables/PrimalItemConsumable_CactusBuffSoup.PrimalItemConsumable_CactusBuffSoup'",
  "Canteen": "Blueprint'/Game/PrimalEarth/CoreBlueprints/Items/Consumables/PrimalItemConsumable_CanteenCraftable.PrimalItemConsumable_CanteenCraftable'",
  "Canteen (Filled)": "Blueprint'/Game/PrimalEarth/CoreBlueprints/Items/Consumables/PrimalItemConsumable_CanteenRefill.PrimalItemConsumable_CanteenRefill'",
  "Cooked Lamb Chop": "Blueprint'/Game/PrimalEarth/CoreBlueprints/Items/Consumables/PrimalItemConsumable_CookedLambChop.PrimalItemConsumable_CookedLambChop'",
  "Cooked Meat": "Blueprint'/Game/PrimalEarth/CoreBlueprints/Items/Consumables/PrimalItemConsumable_CookedMeat.PrimalItemConsumable_CookedMeat'",
  "Cooked Fish Meat": "Blueprint'/Game/PrimalEarth/CoreBlueprints/Items/Consumables/PrimalItemConsumable_CookedMeat_Fish.PrimalItemConsumable_CookedMeat_Fish'",
  "Cooked Meat Jerky": "Blueprint'/Game/PrimalEarth/CoreBlueprints/Items/Consumables/PrimalItemConsumable_CookedMeat_Jerky.PrimalItemConsumable_CookedMeat_Jerky'",
  "Cooked Prime Meat": "Blueprint'/Game/PrimalEarth/CoreBlueprints/Items/Consumables/PrimalItemConsumable_CookedPrimeMeat.PrimalItemConsumable_CookedPrimeMeat'",
  "Cooked Prime Fish Meat": "Blueprint'/Game/PrimalEarth/CoreBlueprints/Items/Consumables/PrimalItemConsumable_CookedPrimeMeat_Fish.PrimalItemConsumable_CookedPrimeMeat_Fish'",
  "Prime Meat Jerky": "Blueprint'/Game/PrimalEarth/CoreBlueprints/Items/Consumables/PrimalItemConsumable_CookedPrimeMeat_Jerky.PrimalItemConsumable_CookedPrimeMeat_Jerky'",
  "Fertilizer": "Blueprint'/Game/PrimalEarth/CoreBlueprints/Items/Consumables/PrimalItemConsumable_Fertilizer_Compost.PrimalItemConsumable_Fertilizer_Compost'",
  "Medical Brew": "Blueprint'/Game/PrimalEarth/CoreBlueprints/Items/Consumables/PrimalItemConsumable_HealSoup.PrimalItemConsumable_HealSoup'",
  "Honey": "Blueprint'/Game/PrimalEarth/CoreBlueprints/Items/Consumables/PrimalItemConsumable_Honey.PrimalItemConsumable_Honey'",
  "Bio Toxin": "Blueprint'/Game/PrimalEarth/CoreBlueprints/Items/Consumables/PrimalItemConsumable_JellyVenom.PrimalItemConsumable_JellyVenom'",
  "Superior Kibble": "Blueprint'/Game/PrimalEarth/CoreBlueprints/Items/Consumables/PrimalItemConsumable_Kibble_Base_Large.PrimalItemConsumable_Kibble_Base_Large'",
  "Regular Kibble": "Blueprint'/Game/PrimalEarth/CoreBlueprints/Items/Consumables/PrimalItemConsumable_Kibble_Base_Medium.PrimalItemConsumable_Kibble_Base_Medium'",
  "Simple Kibble": "Blueprint'/Game/PrimalEarth/CoreBlueprints/Items/Consumables/PrimalItemConsumable_Kibble_Base_Small.PrimalItemConsumable_Kibble_Base_Small'",
  "Extraordinary Kibble": "Blueprint'/Game/PrimalEarth/CoreBlueprints/Items/Consumables/PrimalItemConsumable_Kibble_Base_Special.PrimalItemConsumable_Kibble_Base_Special'",
  "Exceptional Kibble": "Blueprint'/Game/PrimalEarth/CoreBlueprints/Items/Consumables/PrimalItemConsumable_Kibble_Base_XLarge.PrimalItemConsumable_Kibble_Base_XLarge'",
  "Basic Kibble": "Blueprint'/Game/PrimalEarth/CoreBlueprints/Items/Consumables/PrimalItemConsumable_Kibble_Base_XSmall.PrimalItemConsumable_Kibble_Base_XSmall'",
  "Narcotic": "Blueprint'/Game/PrimalEarth/CoreBlueprints/Items/Consumables/PrimalItemConsumable_Narcotic.PrimalItemConsumable_Narcotic'",
  "Raw Meat": "Blueprint'/Game/PrimalEarth/CoreBlueprints/Items/Consumables/PrimalItemConsumable_RawMeat.PrimalItemConsumable_RawMeat'",
  "Raw Fish Meat": "Blueprint'/Game/PrimalEarth/CoreBlueprints/Items/Consumables/PrimalItemConsumable_RawMeat_Fish.PrimalItemConsumable_RawMeat_Fish'",
  "Raw Mutton": "Blueprint'/Game/PrimalEarth/CoreBlueprints/Items/Consumables/PrimalItemConsumable_RawMutton.PrimalItemConsumable_RawMutton'",
  "Raw Prime Meat": "Blueprint'/Game/PrimalEarth/CoreBlueprints/Items/Consumables/PrimalItemConsumable_RawPrimeMeat.PrimalItemConsumable_RawPrimeMeat'",
  "Raw Prime Fish Meat": "Blueprint'/Game/PrimalEarth/CoreBlueprints/Items/Consumables/PrimalItemConsumable_RawPrimeMeat_Fish.PrimalItemConsumable_RawPrimeMeat_Fish'",
  "Battle Tartare": "Blueprint'/Game/PrimalEarth/CoreBlueprints/Items/Consumables/PrimalItemConsumable_Soup_BattleTartare.PrimalItemConsumable_Soup_BattleTartare'",
  "Calien Soup": "Blueprint'/Game/PrimalEarth/CoreBlueprints/Items/Consumables/PrimalItemConsumable_Soup_CalienSoup.PrimalItemConsumable_Soup_CalienSoup'",
  "Enduro Stew": "Blueprint'/Game/PrimalEarth/CoreBlueprints/Items/Consumables/PrimalItemConsumable_Soup_EnduroStew.PrimalItemConsumable_Soup_EnduroStew'",
  "Focal Chili": "Blueprint'/Game/PrimalEarth/CoreBlueprints/Items/Consumables/PrimalItemConsumable_Soup_FocalChili.PrimalItemConsumable_Soup_FocalChili'",
  "Fria Curry": "Blueprint'/Game/PrimalEarth/CoreBlueprints/Items/Consumables/PrimalItemConsumable_Soup_FriaCurry.PrimalItemConsumable_Soup_FriaCurry'",
  "Lazarus Chowder": "Blueprint'/Game/PrimalEarth/CoreBlueprints/Items/Consumables/PrimalItemConsumable_Soup_LazarusChowder.PrimalItemConsumable_Soup_LazarusChowder'",
  "Shadow Steak Saute": "Blueprint'/Game/PrimalEarth/CoreBlueprints/Items/Consumables/PrimalItemConsumable_Soup_ShadowSteak.PrimalItemConsumable_Soup_ShadowSteak'",
  "Spoiled Meat": "Blueprint'/Game/PrimalEarth/CoreBlueprints/Items/Consumables/PrimalItemConsumable_SpoiledMeat.PrimalItemConsumable_SpoiledMeat'",
  "Energy Brew": "Blueprint'/Game/PrimalEarth/CoreBlueprints/Items/Consumables/PrimalItemConsumable_StaminaSoup.PrimalItemConsumable_StaminaSoup'",
  "Stimulant": "Blueprint'/Game/PrimalEarth/CoreBlueprints/Items/Consumables/PrimalItemConsumable_Stimulant.PrimalItemConsumable_Stimulant'",
  "Sweet Vegetable Cake": "Blueprint'/Game/PrimalEarth/CoreBlueprints/Items/Consumables/PrimalItemConsumable_SweetVeggieCake.PrimalItemConsumable_SweetVeggieCake'",
  "Broth of Enlightenment": "Blueprint'/Game/PrimalEarth/CoreBlueprints/Items/Consumables/PrimalItemConsumable_TheHorn.PrimalItemConsumable_TheHorn'",
  "Citronal": "Blueprint'/Game/PrimalEarth/CoreBlueprints/Items/Consumables/PrimalItemConsumable_Veggie_Citronal.PrimalItemConsumable_Veggie_Citronal'",
  "Longrass": "Blueprint'/Game/PrimalEarth/CoreBlueprints/Items/Consumables/PrimalItemConsumable_Veggie_Longrass.PrimalItemConsumable_Veggie_Longrass'",
  "Rockarrot": "Blueprint'/Game/PrimalEarth/CoreBlueprints/Items/Consumables/PrimalItemConsumable_Veggie_Rockarrot.PrimalItemConsumable_Veggie_Rockarrot'",
  "Savoroot": "Blueprint'/Game/PrimalEarth/CoreBlueprints/Items/Consumables/PrimalItemConsumable_Veggie_Savoroot.PrimalItemConsumable_Veggie_Savoroot'",
  "Amarberry Seed": "Blueprint'/Game/PrimalEarth/CoreBlueprints/Items/Consumables/Seeds/PrimalItemConsumable_Seed_Amarberry.PrimalItemConsumable_Seed_Amarberry'",
  "Azulberry Seed": "Blueprint'/Game/PrimalEarth/CoreBlueprints/Items/Consumables/Seeds/PrimalItemConsumable_Seed_Azulberry.PrimalItemConsumable_Seed_Azulberry'",
  "Any Berry Seed": "Blueprint'/Game/PrimalEarth/CoreBlueprints/Items/Consumables/Seeds/PrimalItemConsumable_Seed_BaseBerry.PrimalItemConsumable_Seed_BaseBerry'",
  "Cianberry Seed": "Blueprint'/Game/PrimalEarth/CoreBlueprints/Items/Consumables/Seeds/PrimalItemConsumable_Seed_Cianberry.PrimalItemConsumable_Seed_Cianberry'",
  "Citronal Seed": "Blueprint'/Game/PrimalEarth/CoreBlueprints/Items/Consumables/Seeds/PrimalItemConsumable_Seed_Citronal.PrimalItemConsumable_Seed_Citronal'",
  "Plant Species X Seed": "Blueprint'/Game/PrimalEarth/CoreBlueprints/Items/Consumables/Seeds/PrimalItemConsumable_Seed_DefensePlant.PrimalItemConsumable_Seed_DefensePlant'",
  "Longrass Seed": "Blueprint'/Game/PrimalEarth/CoreBlueprints/Items/Consumables/Seeds/PrimalItemConsumable_Seed_Longrass.PrimalItemConsumable_Seed_Longrass'",
  "Magenberry Seed": "Blueprint'/Game/PrimalEarth/CoreBlueprints/Items/Consumables/Seeds/PrimalItemConsumable_Seed_Magenberry.PrimalItemConsumable_Seed_Magenberry'",
  "Mejoberry Seed": "Blueprint'/Game/PrimalEarth/CoreBlueprints/Items/Consumables/Seeds/PrimalItemConsumable_Seed_Mejoberry.PrimalItemConsumable_Seed_Mejoberry'",
  "Narcoberry Seed": "Blueprint'/Game/PrimalEarth/CoreBlueprints/Items/Consumables/Seeds/PrimalItemConsumable_Seed_Narcoberry.PrimalItemConsumable_Seed_Narcoberry'",
  "Rockarrot Seed": "Blueprint'/Game/PrimalEarth/CoreBlueprints/Items/Consumables/Seeds/PrimalItemConsumable_Seed_Rockarrot.PrimalItemConsumable_Seed_Rockarrot'",
  "Savoroot Seed": "Blueprint'/Game/PrimalEarth/CoreBlueprints/Items/Consumables/Seeds/PrimalItemConsumable_Seed_Savoroot.PrimalItemConsumable_Seed_Savoroot'",
  "Stimberry Seed": "Blueprint'/Game/PrimalEarth/CoreBlueprints/Items/Consumables/Seeds/PrimalItemConsumable_Seed_Stimberry.PrimalItemConsumable_Seed_Stimberry'",
  "Berry Bush Seed": "Blueprint'/Game/PrimalEarth/CoreBlueprints/Items/Consumables/Seeds/PrimalItemConsumable_Seed_Test.PrimalItemConsumable_Seed_Test'",
  "Tintoberry Seed": "Blueprint'/Game/PrimalEarth/CoreBlueprints/Items/Consumables/Seeds/PrimalItemConsumable_Seed_Tintoberry.PrimalItemConsumable_Seed_Tintoberry'",
  "Verdberry Seed": "Blueprint'/Game/PrimalEarth/CoreBlueprints/Items/Consumables/Seeds/PrimalItemConsumable_Seed_Verdberry.PrimalItemConsumable_Seed_Verdberry'",
  "Plant Species X": "Blueprint'/Game/PrimalEarth/CoreBlueprints/Items/Structures/Misc/PrimalItemStructure_TurretPlant.PrimalItemStructure_TurretPlant'",
  "Flashlight Attachment": "Blueprint'/Game/PrimalEarth/CoreBlueprints/Items/WeaponAttachments/PrimalItemWeaponAttachment_Flashlight.PrimalItemWeaponAttachment_Flashlight'",
  "Ammonite Bile": "Blueprint'/Game/PrimalEarth/CoreBlueprints/Resources/PrimalItemResource_AmmoniteBlood.PrimalItemResource_AmmoniteBlood'",
  "Angler Gel": "Blueprint'/Game/PrimalEarth/CoreBlueprints/Resources/PrimalItemResource_AnglerGel.PrimalItemResource_AnglerGel'",
  "Beer": "Blueprint'/Game/PrimalEarth/CoreBlueprints/Resources/PrimalItemResource_Beer.PrimalItemResource_Beer'",
  "Black Pearl": "Blueprint'/Game/PrimalEarth/CoreBlueprints/Resources/PrimalItemResource_BlackPearl.PrimalItemResource_BlackPearl'",
  "Charcoal": "Blueprint'/Game/PrimalEarth/CoreBlueprints/Resources/PrimalItemResource_Charcoal.PrimalItemResource_Charcoal'",
  "Chitin": "Blueprint'/Game/PrimalEarth/CoreBlueprints/Resources/PrimalItemResource_Chitin.PrimalItemResource_Chitin'",
  "Cementing Paste": "Blueprint'/Game/PrimalEarth/CoreBlueprints/Resources/PrimalItemResource_ChitinPaste.PrimalItemResource_ChitinPaste'",
  "Crystal": "Blueprint'/Game/PrimalEarth/CoreBlueprints/Resources/PrimalItemResource_Crystal.PrimalItemResource_Crystal'",
  "Electronics": "Blueprint'/Game/PrimalEarth/CoreBlueprints/Resources/PrimalItemResource_Electronics.PrimalItemResource_Electronics'",
  "Element": "Blueprint'/Game/PrimalEarth/CoreBlueprints/Resources/PrimalItemResource_Element.PrimalItemResource_Element'",
  "Element Shard": "Blueprint'/Game/PrimalEarth/CoreBlueprints/Resources/PrimalItemResource_ElementShard.PrimalItemResource_ElementShard'",
  "Fiber": "Blueprint'/Game/PrimalEarth/CoreBlueprints/Resources/PrimalItemResource_Fibers.PrimalItemResource_Fibers'",
  "Flint": "Blueprint'/Game/PrimalEarth/CoreBlueprints/Resources/PrimalItemResource_Flint.PrimalItemResource_Flint'",
  "Gasoline": "Blueprint'/Game/PrimalEarth/CoreBlueprints/Resources/PrimalItemResource_Gasoline.PrimalItemResource_Gasoline'",
  "Gunpowder": "Blueprint'/Game/PrimalEarth/CoreBlueprints/Resources/PrimalItemResource_Gunpowder.PrimalItemResource_Gunpowder'",
  "Human Hair": "Blueprint'/Game/PrimalEarth/CoreBlueprints/Resources/PrimalItemResource_Hair.PrimalItemResource_Hair'",
  "Hide": "Blueprint'/Game/PrimalEarth/CoreBlueprints/Resources/PrimalItemResource_Hide.PrimalItemResource_Hide'",
  "Woolly Rhino Horn": "Blueprint'/Game/PrimalEarth/CoreBlueprints/Resources/PrimalItemResource_Horn.PrimalItemResource_Horn'",
  "Keratin": "Blueprint'/Game/PrimalEarth/CoreBlueprints/Resources/PrimalItemResource_Keratin.PrimalItemResource_Keratin'",
  "Leech Blood": "Blueprint'/Game/PrimalEarth/CoreBlueprints/Resources/PrimalItemResource_LeechBlood.PrimalItemResource_LeechBlood'",
  "Metal": "Blueprint'/Game/PrimalEarth/CoreBlueprints/Resources/PrimalItemResource_Metal.PrimalItemResource_Metal'",
  "Metal Ingot": "Blueprint'/Game/PrimalEarth/CoreBlueprints/Resources/PrimalItemResource_MetalIngot.PrimalItemResource_MetalIngot'",
  "Obsidian": "Blueprint'/Game/PrimalEarth/CoreBlueprints/Resources/PrimalItemResource_Obsidian.PrimalItemResource_Obsidian'",
  "Oil": "Blueprint'/Game/PrimalEarth/CoreBlueprints/Resources/PrimalItemResource_Oil.PrimalItemResource_Oil'",
  "Pelt": "Blueprint'/Game/PrimalEarth/CoreBlueprints/Resources/PrimalItemResource_Pelt.PrimalItemResource_Pelt'",
  "Polymer": "Blueprint'/Game/PrimalEarth/CoreBlueprints/Resources/PrimalItemResource_Polymer.PrimalItemResource_Polymer'",
  "Organic Polymer": "Blueprint'/Game/PrimalEarth/CoreBlueprints/Resources/PrimalItemResource_Polymer_Organic.PrimalItemResource_Polymer_Organic'",
  "Rare Flower": "Blueprint'/Game/PrimalEarth/CoreBlueprints/Resources/PrimalItemResource_RareFlower.PrimalItemResource_RareFlower'",
  "Rare Mushroom": "Blueprint'/Game/PrimalEarth/CoreBlueprints/Resources/PrimalItemResource_RareMushroom.PrimalItemResource_RareMushroom'",
  "Sap": "Blueprint'/Game/PrimalEarth/CoreBlueprints/Resources/PrimalItemResource_Sap.PrimalItemResource_Sap'",
  "Silica Pearls": "Blueprint'/Game/PrimalEarth/CoreBlueprints/Resources/PrimalItemResource_Silicon.PrimalItemResource_Silicon'",
  "Sparkpowder": "Blueprint'/Game/PrimalEarth/CoreBlueprints/Resources/PrimalItemResource_Sparkpowder.PrimalItemResource_Sparkpowder'",
  "Stone": "Blueprint'/Game/PrimalEarth/CoreBlueprints/Resources/PrimalItemResource_Stone.PrimalItemResource_Stone'",
  "Absorbent Substrate": "Blueprint'/Game/PrimalEarth/CoreBlueprints/Resources/PrimalItemResource_SubstrateAbsorbent.PrimalItemResource_SubstrateAbsorbent'",
  "Thatch": "Blueprint'/Game/PrimalEarth/CoreBlueprints/Resources/PrimalItemResource_Thatch.PrimalItemResource_Thatch'",
  "Wood": "Blueprint'/Game/PrimalEarth/CoreBlueprints/Resources/PrimalItemResource_Wood.PrimalItemResource_Wood'",
  "Wool": "Blueprint'/Game/PrimalEarth/CoreBlueprints/Resources/PrimalItemResource_Wool.PrimalItemResource_Wool'",
  "Smoke Grenade": "Blueprint'/Game/PrimalEarth/CoreBlueprints/Weapons/PrimalItem_GasGrenade.PrimalItem_GasGrenade'",
  "Poison Grenade": "Blueprint'/Game/PrimalEarth/CoreBlueprints/Weapons/PrimalItem_PoisonGrenade.PrimalItem_PoisonGrenade'",
  "Tek Grenade": "Blueprint'/Game/PrimalEarth/CoreBlueprints/Weapons/PrimalItem_TekGrenade.PrimalItem_TekGrenade'",
  "Grenade": "Blueprint'/Game/PrimalEarth/CoreBlueprints/Weapons/PrimalItem_WeaponGrenade.PrimalItem_WeaponGrenade'",
  "Advanced Bullet": "Blueprint'/Game/PrimalEarth/CoreBlueprints/Weapons/PrimalItemAmmo_AdvancedBullet.PrimalItemAmmo_AdvancedBullet'",
  "Advanced Rifle Bullet": "Blueprint'/Game/PrimalEarth/CoreBlueprints/Weapons/PrimalItemAmmo_AdvancedRifleBullet.PrimalItemAmmo_AdvancedRifleBullet'",
  "Advanced Sniper Bullet": "Blueprint'/Game/PrimalEarth/CoreBlueprints/Weapons/PrimalItemAmmo_AdvancedSniperBullet.PrimalItemAmmo_AdvancedSniperBullet'",
  "Pheromone Dart": "Blueprint'/Game/PrimalEarth/CoreBlueprints/Weapons/PrimalItemAmmo_AggroTranqDart.PrimalItemAmmo_AggroTranqDart'",
  "Flame Arrow": "Blueprint'/Game/PrimalEarth/CoreBlueprints/Weapons/PrimalItemAmmo_ArrowFlame.PrimalItemAmmo_ArrowFlame'",
  "Stone Arrow": "Blueprint'/Game/PrimalEarth/CoreBlueprints/Weapons/PrimalItemAmmo_ArrowStone.PrimalItemAmmo_ArrowStone'",
  "Tranquilizer Arrow": "Blueprint'/Game/PrimalEarth/CoreBlueprints/Weapons/PrimalItemAmmo_ArrowTranq.PrimalItemAmmo_ArrowTranq'",
  "Spear Bolt": "Blueprint'/Game/PrimalEarth/CoreBlueprints/Weapons/PrimalItemAmmo_BallistaArrow.PrimalItemAmmo_BallistaArrow'",
  "Boulder": "Blueprint'/Game/PrimalEarth/CoreBlueprints/Weapons/PrimalItemAmmo_Boulder.PrimalItemAmmo_Boulder'",
  "Cannon Ball": "Blueprint'/Game/PrimalEarth/CoreBlueprints/Weapons/PrimalItemAmmo_CannonBall.PrimalItemAmmo_CannonBall'",
  "Chain Bola": "Blueprint'/Game/PrimalEarth/CoreBlueprints/Weapons/PrimalItemAmmo_ChainBola.PrimalItemAmmo_ChainBola'",
  "Metal Arrow": "Blueprint'/Game/PrimalEarth/CoreBlueprints/Weapons/PrimalItemAmmo_CompoundBowArrow.PrimalItemAmmo_CompoundBowArrow'",
  "Grappling Hook": "Blueprint'/Game/PrimalEarth/CoreBlueprints/Weapons/PrimalItemAmmo_GrapplingHook.PrimalItemAmmo_GrapplingHook'",
  "Shocking Tranquilizer Dart": "Blueprint'/Game/PrimalEarth/CoreBlueprints/Weapons/PrimalItemAmmo_RefinedTranqDart.PrimalItemAmmo_RefinedTranqDart'",
  "Rocket Propelled Grenade": "Blueprint'/Game/PrimalEarth/CoreBlueprints/Weapons/PrimalItemAmmo_Rocket.PrimalItemAmmo_Rocket'",
  "Simple Bullet": "Blueprint'/Game/PrimalEarth/CoreBlueprints/Weapons/PrimalItemAmmo_SimpleBullet.PrimalItemAmmo_SimpleBullet'",
  "Simple Rifle Ammo": "Blueprint'/Game/PrimalEarth/CoreBlueprints/Weapons/PrimalItemAmmo_SimpleRifleBullet.PrimalItemAmmo_SimpleRifleBullet'",
  "Simple Shotgun Ammo": "Blueprint'/Game/PrimalEarth/CoreBlueprints/Weapons/PrimalItemAmmo_SimpleShotgunBullet.PrimalItemAmmo_SimpleShotgunBullet'",
  "Tranquilizer Dart": "Blueprint'/Game/PrimalEarth/CoreBlueprints/Weapons/PrimalItemAmmo_TranqDart.PrimalItemAmmo_TranqDart'",
  "Tranq Spear Bolt": "Blueprint'/Game/PrimalEarth/CoreBlueprints/Weapons/PrimalItemAmmo_TranqSpearBolt.PrimalItemAmmo_TranqSpearBolt'",
  "Achatina Paste": "Blueprint'/Game/PrimalEarth/Dinos/Achatina/PrimalItemResource_SnailPaste.PrimalItemResource_SnailPaste'",
  "Rhyniognatha Pheromone": "Blueprint'/Game/PrimalEarth/Dinos/Rhyniognatha/Impregnation/PrimalItemConsumableEatable_RhynioPheromone.PrimalItemConsumableEatable_RhynioPheromone'",
  "Resin": "Blueprint'/Game/PrimalEarth/Dinos/Rhyniognatha/Resin/PrimalItemResource_Resin.PrimalItemResource_Resin'",
  "Squid Oil": "Blueprint'/Game/PrimalEarth/Dinos/Tusoteuthis/PrimalItemResource_SquidOil.PrimalItemResource_SquidOil'",
  "Bingleberry Soup": "Blueprint'/Game/PrimalEarth/Test/PrimalItemConsumable_BerrySoup.PrimalItemConsumable_BerrySoup'",
  "Cactus Sap": "Blueprint'/Game/ScorchedEarth/CoreBlueprints/Consumables/PrimalItemConsumable_CactusSap.PrimalItemConsumable_CactusSap'",
  "Clay": "Blueprint'/Game/ScorchedEarth/CoreBlueprints/Resources/PrimalItemResource_Clay.PrimalItemResource_Clay'",
  "Preserving Salt": "Blueprint'/Game/ScorchedEarth/CoreBlueprints/Resources/PrimalItemResource_PreservingSalt.PrimalItemResource_PreservingSalt'",
  "Propellant": "Blueprint'/Game/ScorchedEarth/CoreBlueprints/Resources/PrimalItemResource_Propellant.PrimalItemResource_Propellant'",
  "Raw Salt": "Blueprint'/Game/ScorchedEarth/CoreBlueprints/Resources/PrimalItemResource_RawSalt.PrimalItemResource_RawSalt'",
  "Sand": "Blueprint'/Game/ScorchedEarth/CoreBlueprints/Resources/PrimalItemResource_Sand.PrimalItemResource_Sand'",
  "Silk": "Blueprint'/Game/ScorchedEarth/CoreBlueprints/Resources/PrimalItemResource_Silk.PrimalItemResource_Silk'",
  "Sulfur": "Blueprint'/Game/ScorchedEarth/CoreBlueprints/Resources/PrimalItemResource_Sulfur.PrimalItemResource_Sulfur'",
  "Deathworm Horn": "Blueprint'/Game/ScorchedEarth/Dinos/Deathworm/PrimalItemResource_KeratinSpike.PrimalItemResource_KeratinSpike'",
  "Flamethrower Ammo": "Blueprint'/Game/ScorchedEarth/WeaponFlamethrower/PrimalItemAmmo_Flamethrower.PrimalItemAmmo_Flamethrower'",
  "Plant Species Y Seed": "Blueprint'/Game/ScorchedEarth/WeaponPlantSpeciesY/PrimalItemConsumable_Seed_PlantSpeciesY.PrimalItemConsumable_Seed_PlantSpeciesY'",
  "Plant Species Y Trap": "Blueprint'/Game/ScorchedEarth/WeaponPlantSpeciesY/PrimalItemStructure_PlantSpeciesYTrap.PrimalItemStructure_PlantSpeciesYTrap'"
}